{
  "xp_384683153769496586_813321367680057365": 20,
  "lvl_384683153769496586_813321367680057365": 1,
  "xpToLvl_384683153769496586_813321367680057365": 100,
  "top_384683153769496586": 2,
  "xp_497125142590128128_813321367680057365": 10,
  "lvl_497125142590128128_813321367680057365": 1,
  "xpToLvl_497125142590128128_813321367680057365": 100,
  "top_497125142590128128": 2,
  "xp_809822221073121292_813321367680057365": 110,
  "lvl_809822221073121292_813321367680057365": 1,
  "xpToLvl_809822221073121292_813321367680057365": 100,
  "top_809822221073121292": 2,
  "kanal.813321367680057365": "813324199862730763",
  "numara.813321367680057365": 2,
  "numara.813790786910683216": 1,
  "ass.813321367680057365.384683153769496586": "813790786910683216",
  "asd.813321367680057365.813790786910683216.384683153769496586": "ticketaçma",
  "snipe.mesaj.813321367680057365": "",
  "snipe.id.813321367680057365": "810485652080295946",
  "numara.813791596139118602": 2,
  "ass.813321367680057365.497125142590128128": "813791596139118602",
  "asd.813321367680057365.813791596139118602.497125142590128128": "ticketaçma"
}